{"cameraMode":{"drawMode":0,"name":"Shaded","section":"Shading Mode"},"sceneLighting":false,"audioPlay":false,"sceneViewState":{"m_AlwaysRefresh":false,"showFog":true,"showSkybox":false,"showFlares":true,"showImageEffects":true,"showParticleSystems":true,"showVisualEffectGraphs":true,"m_FxEnabled":true},"in2DMode":false,"pivot":{"x":-7.2007975578308109,"y":1.2924394607543946,"z":-14.247960090637207},"rotation":{"x":-0.18538574874401093,"y":0.11728006601333618,"z":-0.022259874269366266,"w":-0.975437343120575},"size":0.10047534108161926,"orthographic":false}