{"cameraMode":{"drawMode":0,"name":"Shaded","section":"Shading Mode"},"sceneLighting":true,"audioPlay":false,"sceneViewState":{"m_AlwaysRefresh":false,"showFog":true,"showSkybox":true,"showFlares":true,"showImageEffects":true,"showParticleSystems":true,"showVisualEffectGraphs":true,"m_FxEnabled":true},"in2DMode":false,"pivot":{"x":-0.16702687740325929,"y":0.15110021829605103,"z":0.013049572706222535},"rotation":{"x":0.016283469274640085,"y":0.9321607351303101,"z":-0.3592040538787842,"w":0.04225676506757736},"size":16.55126953125,"orthographic":false}