{"cameraMode":{"drawMode":0,"name":"Shaded","section":"Shading Mode"},"sceneLighting":true,"audioPlay":false,"sceneViewState":{"m_AlwaysRefresh":false,"showFog":true,"showSkybox":true,"showFlares":true,"showImageEffects":true,"showParticleSystems":true,"showVisualEffectGraphs":true,"m_FxEnabled":true},"in2DMode":false,"pivot":{"x":-10.152575492858887,"y":1.1233865022659302,"z":-25.115459442138673},"rotation":{"x":0.009010284207761288,"y":-0.9874757528305054,"z":0.061111923307180408,"w":0.1453104466199875},"size":2.1132166385650636,"orthographic":false}