{"cameraMode":{"drawMode":0,"name":"Shaded","section":"Shading Mode"},"sceneLighting":true,"audioPlay":false,"sceneViewState":{"m_AlwaysRefresh":false,"showFog":true,"showSkybox":true,"showFlares":true,"showImageEffects":true,"showParticleSystems":true,"showVisualEffectGraphs":true,"m_FxEnabled":true},"in2DMode":false,"pivot":{"x":-2.662339210510254,"y":0.9925870895385742,"z":-24.012447357177736},"rotation":{"x":-0.001056714216247201,"y":0.9956029057502747,"z":-0.01075911894440651,"w":-0.09350455552339554},"size":3.86602520942688,"orthographic":false}