{"cameraMode":{"drawMode":0,"name":"Shaded","section":"Shading Mode"},"sceneLighting":true,"audioPlay":false,"sceneViewState":{"m_AlwaysRefresh":false,"showFog":true,"showSkybox":true,"showFlares":true,"showImageEffects":true,"showParticleSystems":true,"showVisualEffectGraphs":true,"m_FxEnabled":true},"in2DMode":false,"pivot":{"x":-7.903088092803955,"y":-6.943382263183594,"z":10.379895210266114},"rotation":{"x":-0.24198244512081147,"y":0.21527306735515595,"z":-0.055153537541627887,"w":-0.9444907307624817},"size":28.396047592163087,"orthographic":false}